{
  "cols": 26,
  "mean": [
    -849.726802044168,
    104.4983224631497,
    8.998950804961686,
    15.336270531041732,
    0.6803503940434933,
    3.174224566608142,
    1.7161147742907306,
    2.3078555155114704,
    1.208000479067965,
    1.702670876843851,
    -0.05674942549817459,
    0.4044600372648084,
    0.3309586808607506,
    11779.562864791025,
    1868.9773481713357,
    710.7885068302812,
    346.6624984307637,
    240.21171242708328,
    177.73875719161745,
    163.50150748942582,
    130.0551528348337,
    124.3765529141747,
    108.47893478151568,
    110.60004846306322,
    94.29382321493092,
    81.2104824972265
  ],
  "std": [
    146.11032308976328,
    70.05393135398796,
    37.899797222257135,
    22.40476717259308,
    22.78976943393685,
    18.093161699972693,
    14.236230637265614,
    13.14855222834821,
    12.082752314880933,
    9.38297083983535,
    10.05094960281525,
    8.86486402341511,
    8.642328346928844,
    11755.882948069437,
    2119.1540132802684,
    717.9378606784387,
    322.4564537282058,
    266.17909189075573,
    172.75695466695902,
    190.8308203425517,
    166.82120718993906,
    159.43061751174642,
    183.06323925488306,
    222.563945549519,
    160.4627043663709,
    117.53044620696862
  ]
}
